Employee_ID,Name,Department,Salary,Joining_Year,Location,Bonus
101,Anita,HR,57714.28571428572,2019,Delhi,5771.4285714285725
102,RAVI,Finance,60000.0,2020,Mumbai,6000.0
103,Meena,IT,58000.0,2021,Bangalore,5800.0
104,sohan,HR,52000.0,2018,Delhi,5200.0
105,Divya,Finance,63000.0,2020,Mumbai,6300.0
106,Karan,IT,59000.0,2022,Chennai,5900.0
107,Pooja,HR,54000.0,2017,Delhi,5400.0
103,Meena,Finance,58000.0,2021,Mumbai,5800.0
